-- =============================================================================
-- 1. IDENTITY SERVICE (USERS & TOKENS)
-- =============================================================================

INSERT INTO users (id, username, email, hashed_password, role, is_verified) VALUES
('00000000-0000-4000-a000-000000000001','alice','alice@mail.com','x','owner',true),
('00000000-0000-4000-a000-000000000002','bob','bob@mail.com','x','owner',true),
('00000000-0000-4000-a000-000000000003','carla','carla@mail.com','x','owner',true),
('00000000-0000-4000-a000-000000000004','david','david@mail.com','x','owner',true),
('00000000-0000-4000-a000-000000000005','eva','eva@mail.com','x','owner',true),
('00000000-0000-4000-a000-000000000006','franck','franck@mail.com','x','owner',true),
('00000000-0000-4000-a000-000000000007','gina','gina@mail.com','x','owner',true),
('00000000-0000-4000-a000-000000000008','hugo','hugo@mail.com','x','owner',true),
('00000000-0000-4000-a000-000000000009','iris','iris@mail.com','x','owner',true),
('00000000-0000-4000-a000-000000000010','jules','jules@mail.com','x','owner',true),
('00000000-0000-4000-a000-000000000011','anna','anna@mail.com','x','tenant',true),
('00000000-0000-4000-a000-000000000012','ben','ben@mail.com','x','tenant',true),
('00000000-0000-4000-a000-000000000013','chloe','chloe@mail.com','x','tenant',true),
('00000000-0000-4000-a000-000000000014','dylan','dylan@mail.com','x','tenant',true),
('00000000-0000-4000-a000-000000000015','emma','emma@mail.com','x','tenant',true),
('00000000-0000-4000-a000-000000000016','felix','felix@mail.com','x','tenant',true),
('00000000-0000-4000-a000-000000000017','lea','lea@mail.com','x','tenant',true),
('00000000-0000-4000-a000-000000000018','noah','noah@mail.com','x','tenant',true),
('00000000-0000-4000-a000-000000000019','zoe','zoe@mail.com','x','tenant',true),
('00000000-0000-4000-a000-000000000020','tom','tom@mail.com','x','tenant',false);

INSERT INTO verification_tokens (id, user_id, token, expires_at) VALUES
('66666666-6666-4000-b000-000000000001', '00000000-0000-4000-a000-000000000020', 'token_secret_123', '2027-01-01 12:00:00');


-- =============================================================================
-- 2. CATALOG SERVICE (PROPERTIES & AVAILABILITIES)
-- =============================================================================

INSERT INTO properties (id, owner_id, title, description, city, address, latitude, longitude, price_per_night, num_rooms, amenities, status) VALUES
-- u1 (Alice)
('11111111-1111-4000-c000-000000000001','00000000-0000-4000-a000-000000000001','Paris Loft 1','nice','Paris','1 A',48.85,2.35,100,2,'wifi','published'),
('11111111-1111-4000-c000-000000000002','00000000-0000-4000-a000-000000000001','Paris Loft 2','nice','Paris','2 A',48.86,2.36,110,2,'wifi','published'),
('11111111-1111-4000-c000-000000000003','00000000-0000-4000-a000-000000000001','Paris Loft 3','nice','Paris','3 A',48.87,2.37,120,2,'wifi','published'),
('11111111-1111-4000-c000-000000000004','00000000-0000-4000-a000-000000000001','Paris Loft 4','nice','Paris','4 A',48.88,2.38,130,2,'wifi','published'),
('11111111-1111-4000-c000-000000000005','00000000-0000-4000-a000-000000000001','Paris Loft 5','nice','Paris','5 A',48.89,2.39,140,2,'wifi','published'),
('11111111-1111-4000-c000-000000000006','00000000-0000-4000-a000-000000000001','Paris Loft 6','nice','Paris','6 A',48.90,2.40,150,2,'wifi','published'),
-- u2 (Bob)
('11111111-1111-4000-c000-000000000007','00000000-0000-4000-a000-000000000002','Lyon 1','nice','Lyon','1 B',45.76,4.83,90,2,'wifi','published'),
('11111111-1111-4000-c000-000000000008','00000000-0000-4000-a000-000000000002','Lyon 2','nice','Lyon','2 B',45.77,4.84,95,2,'wifi','published'),
('11111111-1111-4000-c000-000000000009','00000000-0000-4000-a000-000000000002','Lyon 3','nice','Lyon','3 B',45.78,4.85,100,2,'wifi','published'),
('11111111-1111-4000-c000-000000000010','00000000-0000-4000-a000-000000000002','Lyon 4','nice','Lyon','4 B',45.79,4.86,105,2,'wifi','published'),
('11111111-1111-4000-c000-000000000011','00000000-0000-4000-a000-000000000002','Lyon 5','nice','Lyon','5 B',45.80,4.87,110,2,'wifi','published'),
('11111111-1111-4000-c000-000000000012','00000000-0000-4000-a000-000000000002','Lyon 6','nice','Lyon','6 B',45.81,4.88,115,2,'wifi','published'),
-- u3 (Carla)
('11111111-1111-4000-c000-000000000013','00000000-0000-4000-a000-000000000003','Marseille 1','sea','Marseille','1 C',43.29,5.37,120,2,'wifi','published'),
('11111111-1111-4000-c000-000000000014','00000000-0000-4000-a000-000000000003','Marseille 2','sea','Marseille','2 C',43.30,5.38,125,2,'wifi','published'),
('11111111-1111-4000-c000-000000000015','00000000-0000-4000-a000-000000000003','Marseille 3','sea','Marseille','3 C',43.31,5.39,130,2,'wifi','published'),
('11111111-1111-4000-c000-000000000016','00000000-0000-4000-a000-000000000003','Marseille 4','sea','Marseille','4 C',43.32,5.40,135,2,'wifi','published'),
('11111111-1111-4000-c000-000000000017','00000000-0000-4000-a000-000000000003','Marseille 5','sea','Marseille','5 C',43.33,5.41,140,2,'wifi','published'),
('11111111-1111-4000-c000-000000000018','00000000-0000-4000-a000-000000000003','Marseille 6','sea','Marseille','6 C',43.34,5.42,145,2,'wifi','published'),
-- u4 (David)
('11111111-1111-4000-c000-000000000019','00000000-0000-4000-a000-000000000004','Bordeaux 1','flat','Bordeaux','1 D',44.83,-0.57,110,2,'wifi','published'),
('11111111-1111-4000-c000-000000000020','00000000-0000-4000-a000-000000000004','Bordeaux 2','flat','Bordeaux','2 D',44.84,-0.58,115,2,'wifi','published'),
('11111111-1111-4000-c000-000000000021','00000000-0000-4000-a000-000000000004','Bordeaux 3','flat','Bordeaux','3 D',44.85,-0.59,120,2,'wifi','published'),
('11111111-1111-4000-c000-000000000022','00000000-0000-4000-a000-000000000004','Bordeaux 4','flat','Bordeaux','4 D',44.86,-0.60,125,2,'wifi','published'),
('11111111-1111-4000-c000-000000000023','00000000-0000-4000-a000-000000000004','Bordeaux 5','flat','Bordeaux','5 D',44.87,-0.61,130,2,'wifi','published'),
('11111111-1111-4000-c000-000000000024','00000000-0000-4000-a000-000000000004','Bordeaux 6','flat','Bordeaux','6 D',44.88,-0.62,135,2,'wifi','published'),
-- u5 (Eva)
('11111111-1111-4000-c000-000000000025','00000000-0000-4000-a000-000000000005','Nice 1','sea','Nice','1 E',43.70,7.26,150,2,'wifi','published'),
('11111111-1111-4000-c000-000000000026','00000000-0000-4000-a000-000000000005','Nice 2','sea','Nice','2 E',43.71,7.27,155,2,'wifi','published'),
('11111111-1111-4000-c000-000000000027','00000000-0000-4000-a000-000000000005','Nice 3','sea','Nice','3 E',43.72,7.28,160,2,'wifi','published'),
('11111111-1111-4000-c000-000000000028','00000000-0000-4000-a000-000000000005','Nice 4','sea','Nice','4 E',43.73,7.29,165,2,'wifi','published'),
('11111111-1111-4000-c000-000000000029','00000000-0000-4000-a000-000000000005','Nice 5','sea','Nice','5 E',43.74,7.30,170,2,'wifi','published'),
('11111111-1111-4000-c000-000000000030','00000000-0000-4000-a000-000000000005','Nice 6','sea','Nice','6 E',43.75,7.31,175,2,'wifi','published');

INSERT INTO availabilities (id, property_id, date, is_blocked) VALUES
('99999999-9999-4000-d000-000000000001','11111111-1111-4000-c000-000000000001','2026-04-17',false),
('99999999-9999-4000-d000-000000000002','11111111-1111-4000-c000-000000000001','2026-04-18',false),
('99999999-9999-4000-d000-000000000003','11111111-1111-4000-c000-000000000001','2026-04-19',false),
('99999999-9999-4000-d000-000000000004','11111111-1111-4000-c000-000000000002','2026-04-18',false);


-- =============================================================================
-- 3. BOOKING SERVICE
-- =============================================================================

INSERT INTO bookings (id, tenant_id, property_id, owner_id, check_in, check_out, total_price, status) VALUES
('22222222-2222-4000-e000-000000000001','00000000-0000-4000-a000-000000000011','11111111-1111-4000-c000-000000000001','00000000-0000-4000-a000-000000000001','2026-04-17','2026-04-20',240,'confirmed'),
('22222222-2222-4000-e000-000000000002','00000000-0000-4000-a000-000000000012','11111111-1111-4000-c000-000000000001','00000000-0000-4000-a000-000000000001','2026-04-18','2026-04-22',480,'pending'),
('22222222-2222-4000-e000-000000000003','00000000-0000-4000-a000-000000000013','11111111-1111-4000-c000-000000000002','00000000-0000-4000-a000-000000000001','2026-04-19','2026-04-21',200,'confirmed'),
('22222222-2222-4000-e000-000000000004','00000000-0000-4000-a000-000000000014','11111111-1111-4000-c000-000000000002','00000000-0000-4000-a000-000000000001','2026-04-20','2026-04-23',270,'cancelled'),
('22222222-2222-4000-e000-000000000005','00000000-0000-4000-a000-000000000015','11111111-1111-4000-c000-000000000003','00000000-0000-4000-a000-000000000001','2026-04-21','2026-04-25',560,'confirmed'),
('22222222-2222-4000-e000-000000000006','00000000-0000-4000-a000-000000000011','11111111-1111-4000-c000-000000000006','00000000-0000-4000-a000-000000000001','2026-04-17','2026-04-19',220,'confirmed'),
('22222222-2222-4000-e000-000000000007','00000000-0000-4000-a000-000000000012','11111111-1111-4000-c000-000000000007','00000000-0000-4000-a000-000000000002','2026-04-18','2026-04-20',190,'pending'),
('22222222-2222-4000-e000-000000000008','00000000-0000-4000-a000-000000000013','11111111-1111-4000-c000-000000000008','00000000-0000-4000-a000-000000000002','2026-04-19','2026-04-23',640,'confirmed'),
('22222222-2222-4000-e000-000000000009','00000000-0000-4000-a000-000000000014','11111111-1111-4000-c000-000000000009','00000000-0000-4000-a000-000000000002','2026-04-20','2026-04-22',210,'confirmed'),
('22222222-2222-4000-e000-000000000010','00000000-0000-4000-a000-000000000015','11111111-1111-4000-c000-000000000010','00000000-0000-4000-a000-000000000002','2026-04-21','2026-04-24',255,'pending');


-- =============================================================================
-- 4. INTERACTION SERVICE (CONVERSATIONS, MESSAGES & REVIEWS)
-- =============================================================================

INSERT INTO conversations (id, property_id, tenant_id, owner_id) VALUES
('33333333-3333-4000-f000-000000000001','11111111-1111-4000-c000-000000000001','00000000-0000-4000-a000-000000000011','00000000-0000-4000-a000-000000000001'),
('33333333-3333-4000-f000-000000000002','11111111-1111-4000-c000-000000000001','00000000-0000-4000-a000-000000000012','00000000-0000-4000-a000-000000000001'),
('33333333-3333-4000-f000-000000000003','11111111-1111-4000-c000-000000000001','28ce3d0c-abc6-4cb7-8e76-cb5762035b69','00000000-0000-4000-a000-000000000010'),
('33333333-3333-4000-f000-000000000004','11111111-1111-4000-c000-000000000002','00000000-0000-4000-a000-0000000000012','28ce3d0c-abc6-4cb7-8e76-cb5762035b69'),
('33333333-3333-4000-f000-000000000006','11111111-1111-4000-c000-000000000004','28ce3d0c-abc6-4cb7-8e76-cb5762035b69','00000000-0000-4000-a000-000000000011'),
('33333333-3333-4000-f000-000000000007','11111111-1111-4000-c000-000000000005','00000000-0000-4000-a000-0000000000013','28ce3d0c-abc6-4cb7-8e76-cb5762035b69'),
('33333333-3333-4000-f000-000000000005','11111111-1111-4000-c000-000000000003','28ce3d0c-abc6-4cb7-8e76-cb5762035b69','00000000-0000-4000-a000-000000000001');


INSERT INTO messages (id, conversation_id, sender_id, content, is_read) VALUES
('44444444-4444-4000-a000-000000000001','33333333-3333-4000-f000-000000000001','00000000-0000-4000-a000-000000000011','Bonjour dispo ?',false),
('44444444-4444-4000-a000-000000000002','33333333-3333-4000-f000-000000000001','00000000-0000-4000-a000-000000000001','Oui 👍',true),
('44444444-4444-4000-a000-000000000003','33333333-3333-4000-f000-000000000002','00000000-0000-4000-a000-000000000012','Merci',false),
('44444444-4444-4000-a000-000000000004','33333333-3333-4000-f000-000000000001','00000000-0000-4000-a000-000000000011','Bonjour dispo ?',false),
('44444444-4444-4000-a000-000000000005','33333333-3333-4000-f000-000000000001','00000000-0000-4000-a000-000000000001','Oui 👍',true),
('44444444-4444-4000-a000-000000000006','33333333-3333-4000-f000-000000000002','00000000-0000-4000-a000-000000000012','Merci',false),
('44444444-4444-4000-a000-000000000007','33333333-3333-4000-f000-000000000001','00000000-0000-4000-a000-000000000011','Bonjour dispo ?',false),
('44444444-4444-4000-a000-000000000008','33333333-3333-4000-f000-000000000001','00000000-0000-4000-a000-000000000001','Oui 👍',true),
('44444444-4444-4000-a000-000000000009','33333333-3333-4000-f000-000000000002','00000000-0000-4000-a000-000000000012','Merci',false);

INSERT INTO reviews (id, booking_id, reviewer_id, reviewed_id, target_type, rating, comment) VALUES
('55555555-5555-4000-b000-000000000001','22222222-2222-4000-e000-000000000001','00000000-0000-4000-a000-000000000011','11111111-1111-4000-c000-000000000001','property',5,'Excellent'),
('55555555-5555-4000-b000-000000000002','22222222-2222-4000-e000-000000000002','00000000-0000-4000-a000-000000000012','11111111-1111-4000-c000-000000000001','property',4,'Très bien'),
('55555555-5555-4000-b000-000000000003','22222222-2222-4000-e000-000000000003','00000000-0000-4000-a000-000000000013','11111111-1111-4000-c000-000000000002','property',5,'Parfait'),
('55555555-5555-4000-b000-000000000004','22222222-2222-4000-e000-000000000004','00000000-0000-4000-a000-000000000014','11111111-1111-4000-c000-000000000002','property',3,'Correct'),
('55555555-5555-4000-b000-000000000005','22222222-2222-4000-e000-000000000005','00000000-0000-4000-a000-000000000015','11111111-1111-4000-c000-000000000003','property',5,'Super séjour');


-- =============================================================================
-- 5. ADMIN SERVICE (TICKETS & AUDIT LOGS)
-- =============================================================================

INSERT INTO tickets (id, reported_by, target_type, target_id, reason, status) VALUES
('77777777-7777-4000-c000-000000000001', '00000000-0000-4000-a000-000000000011', 'property', '11111111-1111-4000-c000-000000000001', 'Bruit excessif des voisins', 'open'),
('77777777-7777-4000-c000-000000000002', '00000000-0000-4000-a000-000000000001', 'user', '00000000-0000-4000-a000-000000000011', 'Comportement irrespectueux', 'closed');

-- On assume que u1 (Alice) agit en tant qu'admin pour le log
INSERT INTO audit_logs (id, admin_id, action, target_type, target_id) VALUES
('88888888-8888-4000-d000-000000000001', '00000000-0000-4000-a000-000000000001', 'delete_review', 'review', '55555555-5555-4000-b000-000000000004');